{"cameraMode":{"drawMode":0,"name":"Shaded","section":"Shading Mode"},"sceneLighting":true,"audioPlay":false,"sceneViewState":{"showFog":true,"showMaterialUpdate":false,"showSkybox":true,"showFlares":true,"showImageEffects":true,"showParticleSystems":true},"in2DMode":false,"pivot":{"x":347.15789794921877,"y":40.901580810546878,"z":859.6732788085938},"rotation":{"x":-0.109267957508564,"y":-0.56598299741745,"z":0.07600805163383484,"w":-0.8136224746704102},"size":61.27804183959961,"orthographic":false}