{"cameraMode":{"drawMode":0,"name":"Shaded","section":"Shading Mode"},"sceneLighting":true,"audioPlay":false,"sceneViewState":{"showFog":true,"showMaterialUpdate":false,"showSkybox":true,"showFlares":true,"showImageEffects":true,"showParticleSystems":true},"in2DMode":false,"pivot":{"x":12.720876693725586,"y":68.3565902709961,"z":19.072540283203126},"rotation":{"x":0.02997223101556301,"y":0.039258770644664767,"z":-0.0011793673038482667,"w":0.9987806081771851},"size":9.473504066467286,"orthographic":false}