{"cameraMode":{"drawMode":0,"name":"Shaded","section":"Shading Mode"},"sceneLighting":true,"audioPlay":false,"sceneViewState":{"showFog":true,"showMaterialUpdate":false,"showSkybox":true,"showFlares":true,"showImageEffects":true,"showParticleSystems":true},"in2DMode":false,"pivot":{"x":2.903268814086914,"y":68.63908386230469,"z":8.086503028869629},"rotation":{"x":0.06894524395465851,"y":-0.001210635295137763,"z":0.00008217294816859066,"w":0.9976215958595276},"size":10.673504829406739,"orthographic":false}