{"cameraMode":{"drawMode":0,"name":"Shaded","section":"Shading Mode"},"sceneLighting":true,"audioPlay":false,"sceneViewState":{"showFog":true,"showMaterialUpdate":false,"showSkybox":true,"showFlares":true,"showImageEffects":true,"showParticleSystems":true},"in2DMode":false,"pivot":{"x":80.72186279296875,"y":432.7720947265625,"z":400.19281005859377},"rotation":{"x":0.042184166610240939,"y":-0.7290790677070618,"z":0.04512376710772514,"w":0.6816484332084656},"size":261.3165283203125,"orthographic":false}